﻿<!-- 
     <trivia>
      <question>
        <q> <- the question
        <c> <- correct answer
        <f> <- false answer(s)-->

<trivia>
  <question>
    <q>What is the average airspeed velocity of an unladen European swallow?</q>
    <c>11 m/s</c>
    <f>12 m/s</f>
    <f>13 m/s</f>
    <f>9 m/s</f>
  </question>
  <question>
    <q>Which programming language is named after a British comedy group?</q>
    <c>Python</c>
    <f>Squirrel</f>
    <f>Wolfram</f>
    <f>Java</f>
  </question>
  <question>
    <q>How many movies have been perfected by the grace of Nicolas Cage?</q>
    <c>81</c>
    <f>70</f>
    <f>0</f>
    <f>101</f>
  </question>
  <question>
    <q>In the movie "Paul Blart: Mall Cop", what is the top speed of Paul Blart's segway PT?</q>
    <c>12.5 mph</c>
    <f>10 mph</f>
    <f>15 mph</f>
    <f>17.5 mph</f>
  </question>
  <question>
    <q>What is that name for a group of cats?</q>
    <c>A Clowder</c>
    <f>A Furball</f>
    <f>A Murder</f>
    <f>A Pack</f>
  </question>
  <question>
    <q>In the game "Counter-Strike", what is the code used to deploy the C4 charges?</q>
    <c>7355608</c>
    <f>1234567</f>
    <f>7945130</f>
    <f>0249600</f>
  </question>
  <question>
    <q>Who created and named the AK-47?</q>
    <c>Mikhail Kalashnikov</c>
    <f>Nikolai Kibalchich</f>
    <f>Yuly Khariton</f>
    <f>Mikhail Koshkin</f>
  </question>
  <question>
    <q>When did "Super Mario Bros." for the NES release in North America?</q>
    <c>1987</c>
    <f>1985</f>
    <f>1986</f>
    <f>1990</f>
  </question>
  <question>
    <q>What nationality is the creator of "Minecraft" from?</q>
    <c>Swedish</c>
    <f>Finnish</f>
    <f>German</f>
    <f>American</f>
  </question>
  <question>
    <q>What is the main character's name in "The Legend of Zelda" (series)?</q>
    <c>Link</c>
    <f>Zelda</f>
    <f>Ganon</f>
    <f>Tingle</f>
  </question>
  <question>
    <q>How many copies of "Minecraft" have been sold (On PC/Mac)?</q>
    <c>~19 Million</c>
    <f>∞</f>
    <f>~27 Million</f>
    <f>~3 Million</f>
  </question>
  <question>
    <q>Who was the first President of the United States?</q>
    <c>Washington</c>
    <f>Kennedy</f>
    <f>Franklin</f>
    <f>Adams</f>
  </question>
  <question>
    <q>What NFL team is infamously related to the "Deflate-Gate" scandal?</q>
    <c>Patriots</c>
    <f>Seahawks</f>
    <f>Broncos</f>
    <f>Cowboys</f>
  </question>
  <question>
    <q>What is the name of a solvent that can act as both an acid and a base?</q>
    <c>Amphoteric</c>
    <f>Cathodic</f>
    <f>Galvanic</f>
    <f>Basic</f>
  </question>
  <question>
    <q>If the eastern end of the earth is called the Orient, what is the western end called?</q>
    <c>Occident</c>
    <f>Americant</f>
    <f>Panicant</f>
    <f>Sient</f>
  </question>
  <question>
    <q>What is the second longest river in the world?</q>
    <c>Amazon</c>
    <f>Nile</f>
    <f>Yangtze</f>
    <f>Yellow</f>
  </question>
  <question>
    <q>Scoring three goals in a hockey game is also known as?</q>
    <c>Hat Trick</c>
    <f>Triple-Single</f>
    <f>Trips</f>
    <f>A Crowd</f>
  </question>
  <question>
    <q>The pseudoscience based on human skull size is known as ___.</q>
    <c>Phrenology</c>
    <f>Cranialogy</f>
    <f>Neurology</f>
    <f>Forthology</f>
  </question>
  <question>
    <q>In what state was the sports drink "Gatorade" created?</q>
    <c>Florida</c>
    <f>New York</f>
    <f>Michigan</f>
    <f>Washington</f>
  </question>
  <question>
    <q>What is the capitol of Maryland?</q>
    <c>Annapolis</c>
    <f>Baltimore</f>
    <f>Concord</f>
    <f>Harrisburg</f>
  </question>
  <question>
    <q>What is known to be the degree of disorder or randomness in a system in chemistry?</q>
    <c>Entropy</c>
    <f>Enthalpy</f>
    <f>Sporadicity</f>
    <f>Coin-Flippedness</f>
  </question>
  <question>
    <q>Who starred as Carlton Banks in the sitcom "Fresh Prince of Bel-Air"?</q>
    <c>Alfonso Ribeiro</c>
    <f>Will Smith</f>
    <f>Phillip Banks</f>
    <f>Jazzy Jeff</f>
  </question>
  <question>
    <q>Who wrote the "Three Laws of Robotics"?</q>
    <c>Isaac Asimov</c>
    <f>Nikola Tesla</f>
    <f>George Devol</f>
    <f>Karel Čapek</f>
  </question>
  <question>
    <q>What is NOT one of the "Three Laws of Robotics"?</q>
    <c>A robot must be able to think independently for its own survival over others.</c>
    <f>A robot may not injure a human being or, through inaction, allow a human being to come to harm.</f>
    <f>A robot must obey orders given it by human beings except where such orders would conflict with the First Law.</f>
    <f>A robot must protect its own existence as long as such protection does not conflict with the First or Second Law. </f>
  </question>
  <question>
    <q>Who wrote the novel "Jurassic Park"?</q>
    <c>Michael Crichton</c>
    <f>Jeff Goldblum</f>
    <f>Steven Spielberg</f>
    <f>Sam Neill</f>
  </question>
  <question>
    <q>How heavy is an adult blue whale?</q>
    <c>420,000 lbs</c>
    <f>100,000 lbs</f>
    <f>360,000 lbs</f>
    <f>220,000 lbs</f>
  </question>
  <question>
    <q>How many feet are in a mile?</q>
    <c>5280</c>
    <f>1742</f>
    <f>1000</f>
    <f>10000</f>
  </question>
  <question>
    <q>When did the annual endurance race "24 Heures du Mans" start?</q>
    <c>1923</c>
    <f>1903</f>
    <f>1956</f>
    <f>2001</f>
  </question>
  <question>
    <q>How long is the Nordschleife ("north loop") of the Nürburgring racetrack?</q>
    <c>20.81 km</c>
    <f>11.14 km</f>
    <f>7.20 km</f>
    <f>3.41 km</f>
  </question>
  <question>
    <q>Who is NOT a Formula One racing driver?</q>
    <c>Ken Block</c>
    <f>Lewis Hamilton</f>
    <f>Sebastian Vettel</f>
    <f>Michael Schumacher</f>
  </question>
  <question>
    <q>In the TV series Top Gear (UK), who is NOT one of The Stig's many cousins?</q>
    <c>The Stig's Swedish cousin</c>
    <f>The Stig's Chinese cousin</f>
    <f>The Stig's German cousin</f>
    <f>The Stig's Italian cousin</f>
  </question>
  <question>
    <q>When was the ARM-based Raspberry Pi computer released?</q>
    <c>February 2012</c>
    <f>March 2013</f>
    <f>Jan 2011</f>
    <f>September 2012</f>
  </question>
  <question>
    <q>What year did the Nintendo 64 release in America?</q>
    <c>1996</c>
    <f>1997</f>
    <f>1964</f>
    <f>1999</f>
  </question>
  <question>
    <q>What movie does NOT star Leonardo DiCaprio?</q>
    <c>Face/Off</c>
    <f>The Wolf of Wall Street</f>
    <f>Inception</f>
    <f>Django Unchained</f>
  </question>
  <question>
    <q>How many seasons of "The Simpsons" are there?</q>
    <c>26</c>
    <f>13</f>
    <f>10</f>
    <f>29</f>
  </question>
  <question>
    <q>What is the highest sold game console to date?</q>
    <c>PlayStation 2</c>
    <f>Nintendo DS</f>
    <f>Nintendo Entertainment System</f>
    <f>Xbox 360</f>
  </question>
  <question>
    <q>From what movie/series is the quote "That's no moon. It's a space station." from?</q>
    <c>Star Wars</c>
    <f>Star Trek</f>
    <f>Battlestar Galactica</f>
    <f>2001: A Space Odyssey</f>
  </question>
  <question>
    <q>What the website "Reddit"'s slogan?</q>
    <c>"The front page of the internet"</c>
    <f>"The biggest time-drain on the internet"</f>
    <f>"You can never leave"</f>
    <f>"Procrastination central"</f>
  </question>
  <question>
    <q>How many bones are there in the human body?</q>
    <c>206</c>
    <f>117</f>
    <f>311</f>
    <f>A lot</f>
  </question>
  <question>
    <q>What year did the fifth installment in The Elder Scrolls series, Skyrim, release?</q>
    <c>2011</c>
    <f>2013</f>
    <f>2010</f>
    <f>2009</f>
  </question>
  <question>
    <q>What is the most played game on Steam (daily) to date?</q>
    <c>Dota 2</c>
    <f>Counter-Strike: Global Offensive</f>
    <f>Grand Theft Auto V</f>
    <f>Team Fortress 2</f>
  </question>
  <question>
    <q>How many characters were featured in the original "Mortal Kombat" game?</q>
    <c>10</c>
    <f>64</f>
    <f>32</f>
    <f>18</f>
  </question>
  <question>
    <q>What year was the website "Wikipedia" launched?</q>
    <c>2001</c>
    <f>2000</f>
    <f>1997</f>
    <f>2003</f>
  </question>
  <question>
    <q>If your TV is 1080p, that means it has ___ pixels.</q>
    <c>2073600</c>
    <f>109400</f>
    <f>921600</f>
    <f>1080</f>
  </question>
</trivia>